date,code,company,market,category,level,score,matched,numbers,attention,title,url,announcementId,hasText,textChars
2026-06-05,600665,天地源,SH,股东变动,高,100,质押、解除质押,"497,000,938股、57.52%、3日、20,000,000股、177,000,000股",开户、减持服务、股东关系维护、质押风险和财富管理触达。,天地源股份有限公司关于控股股东部分股份解除质押及再质押的公告,https://static.cninfo.com.cn/finalpage/2026-06-05/1225351430.PDF,1225351430,是,1708
2026-06-05,688550,瑞联新材,SH,股东变动,高,100,减持、持股,"5%、11,075,309股、6.3708%、1,549,147股、0.8911%",开户、减持服务、股东关系维护、质押风险和财富管理触达。,持股5%以上股东、董事及高级管理人员减持股份计划公告,https://static.cninfo.com.cn/finalpage/2026-06-05/1225352834.PDF,1225352834,是,7599
2026-06-04,300164,通源石油,SZ,股东变动,高,100,减持,"3日、3个月、不超过904,045股、0.15%、4日",开户、减持服务、股东关系维护、质押风险和财富管理触达。,关于董事股份减持计划期限届满暨实施结果的公告,https://static.cninfo.com.cn/finalpage/2026-06-04/1225351863.PDF,1225351863,是,1322
2026-06-04,601012,隆基绿能,SH,股东变动,高,100,质押,"1股、601012股、1,067,218,173股、2日、14.08%",开户、减持服务、股东关系维护、质押风险和财富管理触达。,关于控股股东股份质押的公告,https://static.cninfo.com.cn/finalpage/2026-06-04/1225348192.PDF,1225348192,是,1542
2026-06-05,688150,莱特光电,SH,资本运作,高,100,可转换公司债券,"21日、13日、40243.7585万元、40,243.7585万股、1元",投行、再融资、并购整合、资金用途和综合金融服务。,中汇会计师事务所（特殊普通合伙）关于陕西莱特光电材料股份有限公司向不特定对象发行可转换公司债券的财务报告及审计报告,https://static.cninfo.com.cn/finalpage/2026-06-05/1225352748.PDF,1225352748,是,298549
2026-06-05,688150,莱特光电,SH,风险监管,高,100,问询,31日、24日、8日、28日,客户风险沟通、合规整改、交易波动和后续披露跟踪。,中汇会计师事务所（特殊普通合伙）关于上海证券交易所《关于对陕西莱特光电材料股份有限公司向不特定对象发行可转换公司债券申请文件的审核问询函》有关财务问题回复的专项说明（豁免版）,https://static.cninfo.com.cn/finalpage/2026-06-05/1225352746.PDF,1225352746,是,85068
2026-06-05,688150,莱特光电,SH,风险监管,高,92,问询,23日、29日,客户风险沟通、合规整改、交易波动和后续披露跟踪。,陕西莱特光电材料股份有限公司关于向不特定对象发行可转换公司债券的审核问询函回复及募集说明书等申请文件更新的提示性公告,https://static.cninfo.com.cn/finalpage/2026-06-05/1225352749.PDF,1225352749,是,1171
2026-06-05,688150,莱特光电,SH,资本运作,高,88,可转换公司债券,688150股,投行、再融资、并购整合、资金用途和综合金融服务。,陕西莱特光电材料股份有限公司向不特定对象发行可转换公司债券的证券募集说明书（申报稿）,https://static.cninfo.com.cn/finalpage/2026-06-05/1225352745.PDF,1225352745,是,315992
2026-06-05,688150,莱特光电,SH,风险监管,高,88,问询,29日,客户风险沟通、合规整改、交易波动和后续披露跟踪。,关于陕西莱特光电材料股份有限公司向不特定对象发行可转换公司债券申请文件的审核问询函的回复报告（豁免版）,https://static.cninfo.com.cn/finalpage/2026-06-05/1225352750.PDF,1225352750,是,152808
2026-06-05,688150,莱特光电,SH,资本运作,高,84,可转换公司债券、上市,,投行、再融资、并购整合、资金用途和综合金融服务。,中信证券股份有限公司关于陕西莱特光电材料股份有限公司向不特定对象发行可转换公司债券之上市保荐书,https://static.cninfo.com.cn/finalpage/2026-06-05/1225352747.PDF,1225352747,是,30407
2026-06-05,688150,莱特光电,SH,资本运作,高,84,可转换公司债券,,投行、再融资、并购整合、资金用途和综合金融服务。,中信证券股份有限公司关于陕西莱特光电材料股份有限公司向不特定对象发行可转换公司债券之发行保荐书,https://static.cninfo.com.cn/finalpage/2026-06-05/1225352751.PDF,1225352751,是,39399
2026-06-05,688150,莱特光电,SH,资本运作,高,84,可转换公司债券,,投行、再融资、并购整合、资金用途和综合金融服务。,北京市中伦律师事务所关于陕西莱特光电材料股份有限公司向不特定对象发行可转换公司债券的补充法律意见书（二）,https://static.cninfo.com.cn/finalpage/2026-06-05/1225352744.PDF,1225352744,是,3900
2026-06-04,688269,凯立新材,SH,分红业绩,中,75,权益分派,"0.30元、15日、130,704,000股、39,211,200.00元",市值管理、投资者沟通、分红服务和业绩压力观察。,2025年年度权益分派实施公告,https://static.cninfo.com.cn/finalpage/2026-06-04/1225349314.PDF,1225349314,是,2012
2026-06-05,688333,铂力特,SH,分红业绩,中,75,利润分配、分红,"0.082元、0.08131元、12日、28日、2,291,909股",市值管理、投资者沟通、分红服务和业绩压力观察。,西安铂力特增材技术股份有限公司关于调整2025年度利润分配方案每股现金分红金额的公告,https://static.cninfo.com.cn/finalpage/2026-06-05/1225351347.PDF,1225351347,是,1784
2026-06-05,300831,派瑞股份,SZ,治理人事,中,75,总经理,1.87亿元、12.61%、0.44亿元、37.99%,董办关系维护、治理变化、关键联系人和客户关系提示。,2025年度总经理工作报告,https://static.cninfo.com.cn/finalpage/2026-06-05/1225352803.PDF,1225352803,是,4366
2026-06-04,002799,环球印务,SZ,治理人事,中,75,董事、高级管理人员,"3日、5,000万元、30万元、12个月",董办关系维护、治理变化、关键联系人和客户关系提示。,关于购买董事、高级管理人员责任险的公告,https://static.cninfo.com.cn/finalpage/2026-06-04/1225349623.PDF,1225349623,是,959
2026-06-04,301589,诺瓦星云,SZ,治理人事,中,75,董事,"4日、9日、14,286股、0.02%",董办关系维护、治理变化、关键联系人和客户关系提示。,关于变更董事会秘书的公告,https://static.cninfo.com.cn/finalpage/2026-06-04/1225352469.PDF,1225352469,是,2020
2026-06-05,000561,烽火电子,SZ,激励回购,中,75,回购、注销,"27日、29日、1.00元、868,395股、864,018,238股",股权激励综合服务、员工账户、行权资金和股份支付影响。,关于回购注销业绩承诺补偿股份并减少注册资本暨通知债权人的公告,https://static.cninfo.com.cn/finalpage/2026-06-05/1225350755.PDF,1225350755,是,1380
2026-06-05,002864,盘龙药业,SZ,激励回购,中,75,股票期权、授予,"29日、4日、373,500份、31.11元",股权激励综合服务、员工账户、行权资金和股份支付影响。,关于股票期权授予登记完成的公告,https://static.cninfo.com.cn/finalpage/2026-06-05/1225351793.PDF,1225351793,是,6309
2026-06-04,301589,诺瓦星云,SZ,激励回购,中,75,限制性股票、授予,4日、12日、13日、23日,股权激励综合服务、员工账户、行权资金和股份支付影响。,关于调整2025年限制性股票激励计划授予价格的公告,https://static.cninfo.com.cn/finalpage/2026-06-04/1225352471.PDF,1225352471,是,3252
2026-06-04,600379,宝光股份,SH,分红业绩,中,71,权益分派,"0.0284元、19日、330,201,564股",市值管理、投资者沟通、分红服务和业绩压力观察。,宝光股份2025年年度权益分派实施公告,https://static.cninfo.com.cn/finalpage/2026-06-04/1225348757.PDF,1225348757,是,1967
2026-06-05,603402,陕西旅游,SH,分红业绩,中,71,权益分派,2.00元、0.3股、20日,市值管理、投资者沟通、分红服务和业绩压力观察。,陕西旅游：2025年年度权益分派实施公告,https://static.cninfo.com.cn/finalpage/2026-06-05/1225352590.PDF,1225352590,是,2579
2026-06-04,301589,诺瓦星云,SZ,治理人事,中,71,董事,1日、4日、29日,董办关系维护、治理变化、关键联系人和客户关系提示。,第三届董事会第十五次会议决议公告,https://static.cninfo.com.cn/finalpage/2026-06-04/1225352470.PDF,1225352470,是,1228
2026-06-04,688167,炬光科技,SH,分红业绩,中,67,权益分派,0.45股、19日,市值管理、投资者沟通、分红服务和业绩压力观察。,西安炬光科技股份有限公司2025年年度权益分派实施公告,https://static.cninfo.com.cn/finalpage/2026-06-04/1225349638.PDF,1225349638,是,2063
2026-06-05,600456,宝钛股份,SH,治理人事,中,67,董事,29日、4日,董办关系维护、治理变化、关键联系人和客户关系提示。,宝鸡钛业股份有限公司第八届董事会第二十二次临时会议决议公告,https://static.cninfo.com.cn/finalpage/2026-06-05/1225350805.PDF,1225350805,是,1584
2026-06-05,300831,派瑞股份,SZ,治理人事,中,67,董事、董事长、辞职,4日、27日,董办关系维护、治理变化、关键联系人和客户关系提示。,关于董事长辞职暨补选董事的公告,https://static.cninfo.com.cn/finalpage/2026-06-05/1225352805.PDF,1225352805,是,1918
2026-06-05,300831,派瑞股份,SZ,治理人事,中,67,董事,30日、4日,董办关系维护、治理变化、关键联系人和客户关系提示。,第三届董事会第十四次会议决议公告,https://static.cninfo.com.cn/finalpage/2026-06-05/1225352800.PDF,1225352800,是,3503
2026-06-04,002799,环球印务,SZ,治理人事,中,67,董事,3日、26日,董办关系维护、治理变化、关键联系人和客户关系提示。,第六届董事会第十八次会议决议公告,https://static.cninfo.com.cn/finalpage/2026-06-04/1225349620.PDF,1225349620,是,2341
2026-06-05,688285,高铁电气,SH,治理人事,中,67,董事、独立董事,29日、6年,董办关系维护、治理变化、关键联系人和客户关系提示。,高铁电气：关于独立董事任期即将届满暨提名独立董事候选人的公告,https://static.cninfo.com.cn/finalpage/2026-06-05/1225350857.PDF,1225350857,是,3027
2026-06-05,300831,派瑞股份,SZ,分红业绩,中,63,分红,15%,市值管理、投资者沟通、分红服务和业绩压力观察。,关于授权董事会制定《2026年中期分红方案》的公告,https://static.cninfo.com.cn/finalpage/2026-06-05/1225352799.PDF,1225352799,是,993
2026-06-05,300831,派瑞股份,SZ,治理人事,中,63,章程,4日,董办关系维护、治理变化、关键联系人和客户关系提示。,关于修订《西安派瑞功率半导体变流技术股份有限公司章程》的公告,https://static.cninfo.com.cn/finalpage/2026-06-05/1225352809.PDF,1225352809,是,3072
2026-06-05,300831,派瑞股份,SZ,治理人事,中,63,治理制度,4日,董办关系维护、治理变化、关键联系人和客户关系提示。,关于修订相关公司治理制度的公告,https://static.cninfo.com.cn/finalpage/2026-06-05/1225352808.PDF,1225352808,是,808
2026-06-04,301589,诺瓦星云,SZ,激励回购,中,63,限制性股票、授予,4日,股权激励综合服务、员工账户、行权资金和股份支付影响。,薪酬与考核委员会关于调整2025年限制性股票激励计划授予价格的核查意见,https://static.cninfo.com.cn/finalpage/2026-06-04/1225352472.PDF,1225352472,是,595
2026-06-04,688167,炬光科技,SH,分红业绩,中,59,分红,,市值管理、投资者沟通、分红服务和业绩压力观察。,上海市锦天城（西安）律师事务所关于西安炬光科技股份有限公司差异化分红的专项核查意见,https://static.cninfo.com.cn/finalpage/2026-06-04/1225349640.PDF,1225349640,是,3805
2026-06-05,300831,派瑞股份,SZ,治理人事,中,59,董事,,董办关系维护、治理变化、关键联系人和客户关系提示。,2025年度董事会工作报告,https://static.cninfo.com.cn/finalpage/2026-06-05/1225352802.PDF,1225352802,是,6363
2026-06-05,300831,派瑞股份,SZ,治理人事,中,59,董事、独立董事,,董办关系维护、治理变化、关键联系人和客户关系提示。,独立董事工作制度（2026年6月）,https://static.cninfo.com.cn/finalpage/2026-06-05/1225352810.PDF,1225352810,是,8654
2026-06-05,300831,派瑞股份,SZ,治理人事,中,59,董事,,董办关系维护、治理变化、关键联系人和客户关系提示。,董事会秘书工作细则（2026年6月）,https://static.cninfo.com.cn/finalpage/2026-06-05/1225352811.PDF,1225352811,是,4267
2026-06-05,300831,派瑞股份,SZ,治理人事,中,59,董事,,董办关系维护、治理变化、关键联系人和客户关系提示。,董事会议事规则（2026年6月）,https://static.cninfo.com.cn/finalpage/2026-06-05/1225352806.PDF,1225352806,是,7493
2026-06-05,300831,派瑞股份,SZ,治理人事,中,59,章程,,董办关系维护、治理变化、关键联系人和客户关系提示。,西安派瑞功率半导体变流技术股份有限公司章程（2026年6月）,https://static.cninfo.com.cn/finalpage/2026-06-05/1225352814.PDF,1225352814,是,41123
2026-06-05,688285,高铁电气,SH,治理人事,中,59,董事、独立董事,,董办关系维护、治理变化、关键联系人和客户关系提示。,高铁电气：独立董事候选人声明与承诺（浮德海）,https://static.cninfo.com.cn/finalpage/2026-06-05/1225350864.PDF,1225350864,是,0
2026-06-05,688285,高铁电气,SH,治理人事,中,59,董事、独立董事,,董办关系维护、治理变化、关键联系人和客户关系提示。,高铁电气：独立董事候选人声明与承诺（王周户）,https://static.cninfo.com.cn/finalpage/2026-06-05/1225350858.PDF,1225350858,是,1677
2026-06-05,688285,高铁电气,SH,治理人事,中,59,董事、独立董事,,董办关系维护、治理变化、关键联系人和客户关系提示。,高铁电气：独立董事提名人声明与承诺,https://static.cninfo.com.cn/finalpage/2026-06-05/1225350856.PDF,1225350856,是,0
2026-06-04,301589,诺瓦星云,SZ,激励回购,中,59,限制性股票、授予,,股权激励综合服务、员工账户、行权资金和股份支付影响。,北京市中伦（深圳）律师事务所关于西安诺瓦星云科技股份有限公司2025年限制性股票激励计划授予价格调整事项的法律意见书,https://static.cninfo.com.cn/finalpage/2026-06-04/1225352473.PDF,1225352473,是,5345
2026-06-04,688281,华秦科技,SH,会议固定,低,33,股东会、会议资料,12026年,通常为固定披露；作为补漏底稿保留，必要时关联主公告核验。,2026年第一次临时股东会会议资料,https://static.cninfo.com.cn/finalpage/2026-06-04/1225348190.PDF,1225348190,是,11916
2026-06-04,600706,曲江文旅,SH,会议固定,低,33,股东会,3日,通常为固定披露；作为补漏底稿保留，必要时关联主公告核验。,西安曲江文化旅游股份有限公司2026年第三次临时股东会决议公告,https://static.cninfo.com.cn/finalpage/2026-06-04/1225350306.PDF,1225350306,是,1021
2026-06-05,300831,派瑞股份,SZ,会议固定,低,33,股东会,26日,通常为固定披露；作为补漏底稿保留，必要时关联主公告核验。,关于召开2025年度股东会的通知,https://static.cninfo.com.cn/finalpage/2026-06-05/1225352804.PDF,1225352804,是,4463
2026-06-04,002799,环球印务,SZ,会议固定,低,33,股东会,25日,通常为固定披露；作为补漏底稿保留，必要时关联主公告核验。,关于召开2025年度股东会的通知,https://static.cninfo.com.cn/finalpage/2026-06-04/1225349621.PDF,1225349621,是,4854
2026-06-04,002799,环球印务,SZ,会议固定,低,33,审计,3日,通常为固定披露；作为补漏底稿保留，必要时关联主公告核验。,关于续聘2026年度财务及内控审计机构的公告,https://static.cninfo.com.cn/finalpage/2026-06-04/1225349624.PDF,1225349624,是,2614
2026-06-05,688285,高铁电气,SH,会议固定,低,33,股东会,25日,通常为固定披露；作为补漏底稿保留，必要时关联主公告核验。,高铁电气：关于召开2025年年度股东会的通知公告,https://static.cninfo.com.cn/finalpage/2026-06-05/1225350862.PDF,1225350862,是,4475
2026-06-04,600706,曲江文旅,SH,其他公告,低,30,,"66,357,732股、26.02%、3,000,000股、4.52%、1.18%",底稿保留，防止标题口径外的遗漏。,西安曲江文化旅游股份有限公司关于控股股东所持部分股份拟被拍卖的提示性公告,https://static.cninfo.com.cn/finalpage/2026-06-04/1225350305.PDF,1225350305,是,1185
2026-06-05,300831,派瑞股份,SZ,其他公告,低,30,,12.61%、37.99%、6676.06%、38.00%、4.69%,底稿保留，防止标题口径外的遗漏。,2025年度财务决算报告,https://static.cninfo.com.cn/finalpage/2026-06-05/1225352801.PDF,1225352801,是,2377
2026-06-04,002799,环球印务,SZ,其他公告,低,30,,"2日、1,042万元、165万元、266万元、3日",底稿保留，防止标题口径外的遗漏。,关于调整拟以公开方式对经营场所进行招租的公告,https://static.cninfo.com.cn/finalpage/2026-06-04/1225349622.PDF,1225349622,是,2873
2026-06-05,601012,隆基绿能,SH,其他公告,低,30,,"1股、601012股、5日、100元、700,000.00万元",底稿保留，防止标题口径外的遗漏。,关于“隆22转债”预计满足转股价格向下修正条件的提示性公告,https://static.cninfo.com.cn/finalpage/2026-06-05/1225350842.PDF,1225350842,是,2411
2026-06-05,601012,隆基绿能,SH,其他公告,低,30,,"34,435.78万元、2,380,456.74万元、300.00万元、1,400.33万元",底稿保留，防止标题口径外的遗漏。,关于提供担保的进展公告,https://static.cninfo.com.cn/finalpage/2026-06-05/1225350844.PDF,1225350844,是,3819
2026-06-04,600706,曲江文旅,SH,会议固定,低,29,股东会、法律意见书,,通常为固定披露；作为补漏底稿保留，必要时关联主公告核验。,西安曲江文化旅游股份有限公司2026年第三次临时股东会的法律意见书,https://static.cninfo.com.cn/finalpage/2026-06-04/1225350307.PDF,1225350307,是,2723
2026-06-05,300831,派瑞股份,SZ,会议固定,低,29,股东会,,通常为固定披露；作为补漏底稿保留，必要时关联主公告核验。,股东会议事规则（2026年6月）,https://static.cninfo.com.cn/finalpage/2026-06-05/1225352807.PDF,1225352807,是,15097
2026-06-04,301517,陕西华达,SZ,其他公告,低,18,,4日,底稿保留，防止标题口径外的遗漏。,301517陕西华达投资者关系管理信息20260604,https://static.cninfo.com.cn/finalpage/2026-06-04/1225353066.PDF,1225353066,是,971
2026-06-05,300831,派瑞股份,SZ,其他公告,低,14,,,底稿保留，防止标题口径外的遗漏。,关联交易管理制度（2026年6月）,https://static.cninfo.com.cn/finalpage/2026-06-05/1225352813.PDF,1225352813,是,6112
2026-06-05,300831,派瑞股份,SZ,其他公告,低,14,,,底稿保留，防止标题口径外的遗漏。,对外担保管理制度（2026年6月）,https://static.cninfo.com.cn/finalpage/2026-06-05/1225352812.PDF,1225352812,是,4421
2026-06-05,300831,派瑞股份,SZ,其他公告,低,14,,,底稿保留，防止标题口径外的遗漏。,提名委员会工作细则（2026年6月）,https://static.cninfo.com.cn/finalpage/2026-06-05/1225352815.PDF,1225352815,是,3012
2026-06-04,002799,环球印务,SZ,其他公告,低,14,,,底稿保留，防止标题口径外的遗漏。,《房地产市场租金价格评估报告》西安恒达评字（2026）0034号,https://static.cninfo.com.cn/finalpage/2026-06-04/1225349625.PDF,1225349625,是,0
